编号,色泽,根蒂,敲声,纹理,脐部,触感,好瓜
1,0,0,0,0,0,0,1
2,1,0,2,0,0,0,1
3,1,0,0,0,0,0,1
4,0,0,2,0,0,0,1
5,2,0,0,0,0,0,1
6,0,1,0,0,1,1,1
7,1,1,0,1,1,1,1
8,1,1,0,0,1,0,1
9,1,1,2,1,1,0,0
10,0,2,1,0,2,1,0
11,2,2,1,2,2,0,0
12,2,0,0,2,2,1,0
13,0,1,0,1,0,0,0
14,2,1,2,1,0,0,0
15,1,1,0,0,1,1,0
16,2,0,0,2,2,0,0
17,0,0,2,1,1,0,0
